larva,average_body_length,std_dev_body_length,file_name
trajectory_0_101,3.0916198969442705,0.19032112767003712,trajectory_timeseries
trajectory_0_111,2.928806169811355,0.3701196462440137,trajectory_timeseries
trajectory_0_114,3.171252042199241,0.26542106157527284,trajectory_timeseries
trajectory_0_17,2.971146388382862,0.16751070791770595,trajectory_timeseries
trajectory_0_19,3.0727522599083765,0.22151991464269524,trajectory_timeseries
trajectory_0_2,3.19167676741681,0.3305692136127781,trajectory_timeseries
trajectory_0_23,3.3355368726526105,0.2646970534488888,trajectory_timeseries
trajectory_0_36,3.5260813401261983,0.17303680129437712,trajectory_timeseries
trajectory_0_37,2.9928556009279292,0.2114830253629472,trajectory_timeseries
trajectory_0_4,2.8500729023371334,0.35451281491834885,trajectory_timeseries
trajectory_0_5,2.310873404529025,0.11928238433151286,trajectory_timeseries
trajectory_0_6,2.6596656348624097,0.4512390342171965,trajectory_timeseries
trajectory_0_65,2.974047967258443,0.14765133145799844,trajectory_timeseries
trajectory_0_75,3.310428978282166,0.2368366740706262,trajectory_timeseries
trajectory_0_78,2.974065759629472,0.22691748412579182,trajectory_timeseries
trajectory_0_8,2.5353530252360903,0.16784625843063491,trajectory_timeseries
trajectory_0_80,3.35587919494506,0.26798257306842593,trajectory_timeseries
trajectory_0_86,3.233562500498211,0.2491342264820826,trajectory_timeseries
trajectory_0_89,2.910742437591638,0.18773203558802334,trajectory_timeseries
trajectory_0_9,2.912904500938133,0.21377485966130993,trajectory_timeseries
trajectory_0_92,3.0059134859146948,0.17529726128562945,trajectory_timeseries
trajectory_1_104,3.0588618039456605,0.39762472330488585,trajectory_timeseries
trajectory_1_1060,3.151582392564176,0.2849223720167957,trajectory_timeseries
trajectory_1_1065,3.021255709587952,0.2358371190396713,trajectory_timeseries
trajectory_1_11,2.756971847550203,0.27457424344111026,trajectory_timeseries
trajectory_1_1139,3.350181367815809,0.22821716370732614,trajectory_timeseries
trajectory_1_1217,3.13886755992566,0.23503233648941246,trajectory_timeseries
trajectory_1_1297,3.1617474948616104,0.2169791903255455,trajectory_timeseries
trajectory_1_135,2.8780470863970113,0.10236883479138478,trajectory_timeseries
trajectory_1_136,3.001438358123564,0.11811347234862787,trajectory_timeseries
trajectory_1_1364,2.896838621425308,0.18909890597730097,trajectory_timeseries
trajectory_1_1387,3.0813103805024586,0.17587174288348,trajectory_timeseries
trajectory_1_1390,2.947616055085914,0.41107055255906966,trajectory_timeseries
trajectory_1_14,3.374822585668984,0.24850459114658185,trajectory_timeseries
trajectory_1_141,3.24600454441905,0.17409951768596643,trajectory_timeseries
trajectory_1_142,3.1959950904531564,0.16920448862932908,trajectory_timeseries
trajectory_1_1463,2.9822664063903046,0.3016389623261913,trajectory_timeseries
trajectory_1_149,2.994644189208731,0.31452664667783464,trajectory_timeseries
trajectory_1_15,2.984048586954768,0.4513882631648151,trajectory_timeseries
trajectory_1_1529,3.331410056837741,0.2488372202450277,trajectory_timeseries
trajectory_1_1594,3.3451318246007595,0.27463694235914565,trajectory_timeseries
trajectory_1_168,3.2475454951025955,0.14697440120853578,trajectory_timeseries
trajectory_1_17,3.191856160538614,0.21057963531031126,trajectory_timeseries
trajectory_1_1783,3.4412738507100182,0.19562924501339388,trajectory_timeseries
trajectory_1_1883,2.74624270804091,0.1400380724583893,trajectory_timeseries
trajectory_1_19,3.379614127126375,0.25052001547396197,trajectory_timeseries
trajectory_1_1916,2.955690762276996,0.1172105676750613,trajectory_timeseries
trajectory_1_1989,3.1452868944437986,0.20231953988840012,trajectory_timeseries
trajectory_1_2175,3.2979939358255232,0.26538314588617545,trajectory_timeseries
trajectory_1_2198,2.939014346388402,0.2209604502608059,trajectory_timeseries
trajectory_1_2272,2.948179486031151,0.2477552890374647,trajectory_timeseries
trajectory_1_2418,3.2669287828747318,0.24330581486242867,trajectory_timeseries
trajectory_1_2429,3.216527359980252,0.24165809789473552,trajectory_timeseries
trajectory_1_2462,3.0856048517450527,0.16716652307083235,trajectory_timeseries
trajectory_1_33,3.388062773476079,0.22090104187690063,trajectory_timeseries
trajectory_1_35,2.9803730007455993,0.09273220721997669,trajectory_timeseries
trajectory_1_423,3.2620453596613936,0.2606549989825748,trajectory_timeseries
trajectory_1_433,3.1174084236476873,0.20273059141194363,trajectory_timeseries
trajectory_1_451,3.3348119860868115,0.2682186482560771,trajectory_timeseries
trajectory_1_474,3.0980645697732285,0.2396689972175113,trajectory_timeseries
trajectory_1_542,2.975906398529152,0.1153756200762964,trajectory_timeseries
trajectory_1_543,3.175421255448336,0.196654306622527,trajectory_timeseries
trajectory_1_700,3.3771474825121657,0.24642875197487513,trajectory_timeseries
trajectory_1_752,3.2011391937942357,0.1972428700700333,trajectory_timeseries
trajectory_1_891,3.5770049462861015,0.46148034433492263,trajectory_timeseries
trajectory_1_997,3.2666867479186386,0.203383103382311,trajectory_timeseries
trajectory_2_101,3.4728945028346643,0.17744538810708987,trajectory_timeseries
trajectory_2_102,3.3697691284539406,0.2617660591640843,trajectory_timeseries
trajectory_2_108,3.597946315425061,0.24116786781373384,trajectory_timeseries
trajectory_2_110,3.7031266814235426,0.14970306185894672,trajectory_timeseries
trajectory_2_111,3.4039582284960264,0.2095003194210878,trajectory_timeseries
trajectory_2_121,3.219544671909968,0.2266057145677762,trajectory_timeseries
trajectory_2_126,3.6808228018537306,0.14072473071836664,trajectory_timeseries
trajectory_2_130,3.5066180725500917,0.22904800328077285,trajectory_timeseries
trajectory_2_132,3.1621781600192533,0.16976495308800066,trajectory_timeseries
trajectory_2_134,3.157232278360577,0.22262042257036613,trajectory_timeseries
trajectory_2_14,3.8297286972534335,0.162041331896243,trajectory_timeseries
trajectory_2_144,3.2497892519672376,0.16969608654809706,trajectory_timeseries
trajectory_2_149,3.5092124344625395,0.23306425848677015,trajectory_timeseries
trajectory_2_150,3.1593180769527733,0.1530635608117669,trajectory_timeseries
trajectory_2_152,3.4752982583845236,0.19424207906991367,trajectory_timeseries
trajectory_2_176,2.9950113440996566,0.1843108468243145,trajectory_timeseries
trajectory_2_177,3.572523583001347,0.22634459791071124,trajectory_timeseries
trajectory_2_178,3.515575130806627,0.1955967736371455,trajectory_timeseries
trajectory_2_200,3.545536955510875,0.1645148126371945,trajectory_timeseries
trajectory_2_205,3.0803654589970773,0.1688002299484513,trajectory_timeseries
trajectory_2_209,3.389992700646857,0.2298194381294305,trajectory_timeseries
trajectory_2_215,3.0753675729377203,0.19381138056394068,trajectory_timeseries
trajectory_2_224,3.197584288143528,0.1876444068769437,trajectory_timeseries
trajectory_2_228,3.0610744330349138,0.15748743718076053,trajectory_timeseries
trajectory_2_230,3.464535016765211,0.2079700559687478,trajectory_timeseries
trajectory_2_232,3.05855100905695,0.1687913045096355,trajectory_timeseries
trajectory_2_235,3.449725774462165,0.27987003626230506,trajectory_timeseries
trajectory_2_24,3.727451491533151,0.20485185161551683,trajectory_timeseries
trajectory_2_245,3.4318147669219727,0.15022844978565134,trajectory_timeseries
trajectory_2_264,3.496551462391603,0.16956624901674852,trajectory_timeseries
trajectory_2_272,3.108652867166281,0.2199118774491902,trajectory_timeseries
trajectory_2_274,3.07992318343686,0.13391412046071108,trajectory_timeseries
trajectory_2_276,3.449097910057827,0.2764365728301014,trajectory_timeseries
trajectory_2_29,3.081693792248917,0.13958671368579104,trajectory_timeseries
trajectory_2_295,2.887905222553609,0.2025088002562645,trajectory_timeseries
trajectory_2_296,3.180316290128278,0.17996902500760398,trajectory_timeseries
trajectory_2_299,3.08705225284168,0.17345977135924803,trajectory_timeseries
trajectory_2_30,3.420835901990131,0.25372498539425015,trajectory_timeseries
trajectory_2_303,3.475264766820577,0.1674768046633954,trajectory_timeseries
trajectory_2_31,3.63917116916896,0.1855930048622338,trajectory_timeseries
trajectory_2_32,3.684432568747854,0.21394568062368033,trajectory_timeseries
trajectory_2_34,3.682570918848292,0.20800530291375624,trajectory_timeseries
trajectory_2_44,3.0650425752663475,0.3237253998326138,trajectory_timeseries
trajectory_2_45,3.206996476906509,0.23249663537526363,trajectory_timeseries
trajectory_2_46,3.2096577326880347,0.29023039897417363,trajectory_timeseries
trajectory_2_51,3.621457064389891,0.29855349781076224,trajectory_timeseries
trajectory_2_52,3.0886282441774626,0.1480839954651252,trajectory_timeseries
trajectory_2_55,3.466227222550384,0.24546295750405217,trajectory_timeseries
trajectory_2_69,3.2309440846329336,0.21410199109431663,trajectory_timeseries
trajectory_2_75,3.221564751507356,0.2933620300710166,trajectory_timeseries
trajectory_2_8,3.2339475970762335,0.18780891351944137,trajectory_timeseries
trajectory_2_89,3.1653073501121227,0.1788530499163253,trajectory_timeseries
trajectory_2_91,3.541636969572203,0.19171969999351224,trajectory_timeseries
trajectory_2_94,3.16981524482618,0.16307752369387357,trajectory_timeseries
trajectory_3_1,3.490166545251995,0.24760292108158113,trajectory_timeseries
trajectory_3_100,3.3898682420917305,0.2230172508814885,trajectory_timeseries
trajectory_3_101,3.3635126938422775,0.2428294322202509,trajectory_timeseries
trajectory_3_109,3.6364829739335716,0.1297227215549418,trajectory_timeseries
trajectory_3_112,3.4503137718839882,0.15971855128989845,trajectory_timeseries
trajectory_3_113,3.813291786250246,0.2314881952865854,trajectory_timeseries
trajectory_3_115,3.4294665922524477,0.17969648568922209,trajectory_timeseries
trajectory_3_122,3.193028023504873,0.22014831890457337,trajectory_timeseries
trajectory_3_13,3.345068254819871,0.1511977797380225,trajectory_timeseries
trajectory_3_130,3.588755333867388,0.1990246878693774,trajectory_timeseries
trajectory_3_131,3.446523776443503,0.17372835078572263,trajectory_timeseries
trajectory_3_133,3.628250283716666,0.25164167545623856,trajectory_timeseries
trajectory_3_137,3.4993521508072756,0.3893635025543071,trajectory_timeseries
trajectory_3_145,3.6402804053610422,0.20665931702079512,trajectory_timeseries
trajectory_3_156,3.7907675745314666,0.22566234464396825,trajectory_timeseries
trajectory_3_16,3.735839781254902,0.22310849716417278,trajectory_timeseries
trajectory_3_163,3.1890802302248185,0.21316877078530558,trajectory_timeseries
trajectory_3_167,3.4011952774783216,0.22897493681859357,trajectory_timeseries
trajectory_3_182,3.7974127168965155,0.21067832972058756,trajectory_timeseries
trajectory_3_184,3.162291666813655,0.13983435199485997,trajectory_timeseries
trajectory_3_187,3.1574497651542446,0.2614588702452977,trajectory_timeseries
trajectory_3_189,3.535924311034469,0.1892947120711566,trajectory_timeseries
trajectory_3_19,3.727796162841265,0.2056535216118805,trajectory_timeseries
trajectory_3_197,3.518529738917203,0.1579401450136729,trajectory_timeseries
trajectory_3_2,3.8751605849769746,0.343175452762795,trajectory_timeseries
trajectory_3_20,3.7426526646187477,0.2692680418496976,trajectory_timeseries
trajectory_3_203,3.222686084209942,0.12372693368435576,trajectory_timeseries
trajectory_3_221,3.6667020798975494,0.19958900657954973,trajectory_timeseries
trajectory_3_224,3.603075796854637,0.14911183587355387,trajectory_timeseries
trajectory_3_228,3.3119559743675118,0.13179977943048626,trajectory_timeseries
trajectory_3_229,3.5186453674991105,0.1422662655723759,trajectory_timeseries
trajectory_3_3,3.7524104916439613,0.20948580902903824,trajectory_timeseries
trajectory_3_40,3.395519869019971,0.28279964085049203,trajectory_timeseries
trajectory_3_44,3.4718857405716532,0.21036852416331753,trajectory_timeseries
trajectory_3_5,3.694487110562778,0.210012480440625,trajectory_timeseries
trajectory_3_52,3.343062536297171,0.2517694626147917,trajectory_timeseries
trajectory_3_56,3.6372764529831025,0.23699257362892595,trajectory_timeseries
trajectory_3_58,3.6826871027702297,0.17934760670160665,trajectory_timeseries
trajectory_3_6,3.563149552378129,0.23306959535779742,trajectory_timeseries
trajectory_3_70,3.2991363062703627,0.252429359347315,trajectory_timeseries
trajectory_3_8,3.4923050692936646,0.12927430638802775,trajectory_timeseries
trajectory_3_87,3.468706111366885,0.19155486128677948,trajectory_timeseries
trajectory_3_88,3.6378193397806737,0.14123511277817605,trajectory_timeseries
trajectory_3_96,3.4858577200847694,0.16178615702088134,trajectory_timeseries
trajectory_4_1,3.833465949715417,0.34493891941848465,trajectory_timeseries
trajectory_4_114,3.2990377667715727,0.3154752895517117,trajectory_timeseries
trajectory_4_2,4.059055954494193,0.36241667184851456,trajectory_timeseries
trajectory_4_232,3.877164487349347,0.1962779587720086,trajectory_timeseries
trajectory_4_3,3.3585681501201403,0.30976689928815243,trajectory_timeseries
trajectory_4_4,2.6828545683869813,0.21761700006571036,trajectory_timeseries
trajectory_4_443,3.774918666306147,0.515078450546051,trajectory_timeseries
trajectory_4_48,3.5410915849412565,0.37961652176913896,trajectory_timeseries
trajectory_4_50,2.7950203236547457,0.16398879299548294,trajectory_timeseries
trajectory_4_52,3.5333579250088993,0.2201942363017249,trajectory_timeseries
trajectory_4_6,3.6007848323622293,0.295186879271094,trajectory_timeseries
trajectory_4_7,2.57848209130271,0.18213701110744723,trajectory_timeseries
trajectory_4_9,3.3433569704049018,0.3478930767294133,trajectory_timeseries
trajectory_5_10,3.321677164978057,0.26829866243847794,trajectory_timeseries
trajectory_5_17,3.078788905345713,0.31159260177732917,trajectory_timeseries
trajectory_5_19,3.453112404303541,0.20205007321033433,trajectory_timeseries
trajectory_5_21,3.5142288161416313,0.2949854158717035,trajectory_timeseries
trajectory_5_22,3.43958174406432,0.3815236092064521,trajectory_timeseries
trajectory_5_27,4.17039031265445,0.3298725330776162,trajectory_timeseries
trajectory_5_28,2.7968527907891,0.26298060196488565,trajectory_timeseries
trajectory_5_29,3.3550039915173056,0.26180024434196475,trajectory_timeseries
trajectory_5_3,3.6141612429199172,0.24667603427625306,trajectory_timeseries
trajectory_5_31,3.435708506749864,0.4253038987652994,trajectory_timeseries
trajectory_5_32,2.770008373637837,0.21915677711051074,trajectory_timeseries
trajectory_5_36,3.5357942605235344,0.36762194729804204,trajectory_timeseries
trajectory_5_38,3.4762798485234105,0.3337575674235593,trajectory_timeseries
trajectory_5_4,3.117894359175179,0.3196097003683825,trajectory_timeseries
trajectory_5_6,2.830149806633317,0.11001942307797147,trajectory_timeseries
trajectory_5_7,3.016325241422352,0.1996712350569633,trajectory_timeseries
trajectory_5_8,3.1400575480106934,0.2451214989980522,trajectory_timeseries
trajectory_6_0,4.151148430713609,0.18814723941054737,trajectory_timeseries
trajectory_6_12,3.5914850111535728,0.18630729736891566,trajectory_timeseries
trajectory_6_135,3.349481468634859,0.16681521559522394,trajectory_timeseries
trajectory_6_138,4.211554421315686,0.2783324786579061,trajectory_timeseries
trajectory_6_144,3.849153307218025,0.2915480248491732,trajectory_timeseries
trajectory_6_151,3.6885224460154866,0.23378550413930163,trajectory_timeseries
trajectory_6_152,3.749609215965432,0.26874818637370784,trajectory_timeseries
trajectory_6_155,3.808786350596244,0.30657595542969346,trajectory_timeseries
trajectory_6_16,3.956358335234963,0.26615854057548066,trajectory_timeseries
trajectory_6_162,3.7152812735307053,0.2682439026267545,trajectory_timeseries
trajectory_6_2,4.062900039696583,0.30044250482359713,trajectory_timeseries
trajectory_6_31,3.971141340219889,0.32885355328355753,trajectory_timeseries
trajectory_6_32,3.7102472876594303,0.13307104522321517,trajectory_timeseries
trajectory_6_5,3.890548367478254,0.2270273528740256,trajectory_timeseries
trajectory_6_69,3.9340632828290567,0.2693978394634764,trajectory_timeseries
trajectory_6_71,3.8112372494556204,0.31724782194947143,trajectory_timeseries
trajectory_6_91,4.121691346588309,0.21760360234209747,trajectory_timeseries
trajectory_7_1,2.6844936338800847,0.20109080881059918,trajectory_timeseries
trajectory_7_10,2.8758186898141482,0.2022249469000835,trajectory_timeseries
trajectory_7_137,2.8697856674518536,0.2196958868633961,trajectory_timeseries
trajectory_7_16,3.396264971219415,0.21163791341769864,trajectory_timeseries
trajectory_7_21,3.429597301902871,0.1798142537860983,trajectory_timeseries
trajectory_7_22,2.9714042126130207,0.27411682303347673,trajectory_timeseries
trajectory_7_25,2.624799065549036,0.13998924185616884,trajectory_timeseries
trajectory_7_3,2.8999885500805527,0.18595916998473053,trajectory_timeseries
trajectory_7_7,2.9753932947497987,0.2522707317547496,trajectory_timeseries
trajectory_7_8,2.9218566881193846,0.20747811612263753,trajectory_timeseries
trajectory_8_0,3.621425948701464,0.27969514020895514,trajectory_timeseries
trajectory_8_1,3.1089434199700925,0.19975135458608634,trajectory_timeseries
trajectory_8_12,3.517250928222733,0.3352253376250801,trajectory_timeseries
trajectory_8_14,2.733153671659215,0.19875339315172597,trajectory_timeseries
trajectory_8_15,2.8072244029795375,0.18933772586957828,trajectory_timeseries
trajectory_8_2,3.017548327737897,0.272948978558237,trajectory_timeseries
trajectory_8_26,2.985142804475115,0.20745827965938363,trajectory_timeseries
trajectory_8_3,2.8186814275362058,0.21199091385460245,trajectory_timeseries
trajectory_8_31,3.018110891637948,0.14490310599647893,trajectory_timeseries
trajectory_8_33,2.73770528907011,0.17452480963562278,trajectory_timeseries
trajectory_8_4,2.745228718990175,0.22187454130992393,trajectory_timeseries
trajectory_8_5,2.681641614982558,0.30311912020274273,trajectory_timeseries
trajectory_8_50,2.6894583829786236,0.182852086175253,trajectory_timeseries
trajectory_8_57,2.787853538734332,0.20783318689390987,trajectory_timeseries
trajectory_8_59,2.5954126342824813,0.13474725322566367,trajectory_timeseries
trajectory_8_6,2.774506408996776,0.1548836631446084,trajectory_timeseries
trajectory_8_7,2.7885665225451675,0.18361304042622284,trajectory_timeseries
trajectory_8_79,2.9860988712452534,0.14263741502989855,trajectory_timeseries
trajectory_8_82,2.740300807360332,0.19909223524057176,trajectory_timeseries
trajectory_8_84,2.695997652979793,0.20478262251708249,trajectory_timeseries
trajectory_8_95,3.002498969862117,0.17577643316993072,trajectory_timeseries
trajectory_8_97,2.667877107295307,0.1799786708079093,trajectory_timeseries
trajectory_9_1,3.623770199116693,0.2917437850051294,trajectory_timeseries
trajectory_9_11,2.6281968208832525,0.13900699665771404,trajectory_timeseries
trajectory_9_18,4.180739314171996,0.21447295720399856,trajectory_timeseries
trajectory_9_185,3.2444392293717983,0.17999539956053479,trajectory_timeseries
trajectory_9_2,3.398621348429147,0.31269384049688476,trajectory_timeseries
trajectory_9_23,3.4766147336000937,0.24973241320897147,trajectory_timeseries
trajectory_9_238,3.377127852605623,0.24170007265534157,trajectory_timeseries
trajectory_9_24,3.3969808276118876,0.3057191104019067,trajectory_timeseries
trajectory_9_250,3.1878798485696525,0.18823010842147384,trajectory_timeseries
trajectory_9_40,2.6988140295782963,0.13222469360576738,trajectory_timeseries
trajectory_9_44,3.995629870858909,0.2646856368691134,trajectory_timeseries
trajectory_9_45,3.536240435959221,0.29822069312124305,trajectory_timeseries
trajectory_9_5,3.0196043904781433,0.2977698832248992,trajectory_timeseries
trajectory_9_50,2.828653059322815,0.18818593842049636,trajectory_timeseries
trajectory_9_54,2.6934385933652165,0.1392702729124839,trajectory_timeseries
trajectory_9_6,2.788628147273582,0.1720179988799163,trajectory_timeseries
trajectory_9_68,3.341598363301789,0.2401824268085802,trajectory_timeseries
trajectory_9_7,2.5788182339395975,0.15700845655641993,trajectory_timeseries
trajectory_9_74,2.846792956981292,0.17725911791064589,trajectory_timeseries
trajectory_9_8,2.852284086474056,0.22871243810653755,trajectory_timeseries
trajectory_9_88,2.542496250562811,0.11477394086215836,trajectory_timeseries
trajectory_9_9,2.8340765590301404,0.2556335990019566,trajectory_timeseries
