animal ID,state,start_index,end_index,start_time_s,end_time_s,n_steps,duration_s
trajectory_0_101,2,0,24,2481.7,2925.0,25,443.3000000000002
trajectory_0_101,2,29,37,3050.0,3588.7,9,538.6999999999998
trajectory_0_111,1,64,75,3118.6,3185.5,12,66.90000000000009
trajectory_0_111,2,85,97,3252.0,3369.2,13,117.19999999999982
trajectory_0_114,0,109,120,3191.8,3250.8,12,59.0
trajectory_0_17,0,129,158,14.0,267.4,30,253.39999999999998
trajectory_0_17,2,159,167,270.6,346.6,9,76.0
trajectory_0_17,0,183,249,483.5,1210.0,67,726.5
trajectory_0_17,2,250,260,1223.4,1329.3,11,105.89999999999986
trajectory_0_17,0,261,275,1334.3,1470.2,15,135.9000000000001
trajectory_0_17,2,276,286,1474.9,1554.4,11,79.5
trajectory_0_17,0,299,313,1687.2,1804.3,15,117.09999999999991
trajectory_0_17,2,327,341,1935.0,2035.1,15,100.09999999999991
trajectory_0_17,0,342,378,2037.9,2356.4,37,318.5
trajectory_0_19,0,382,401,36.3,240.3,20,204.0
trajectory_0_19,2,402,429,248.9,498.1,28,249.20000000000002
trajectory_0_2,2,452,461,114.7,150.9,10,36.2
trajectory_0_2,2,468,551,183.0,616.4,84,433.4
trajectory_0_23,2,553,570,126.4,223.9,18,97.5
trajectory_0_23,2,574,605,249.3,412.3,32,163.0
trajectory_0_36,0,609,619,257.3,432.6,11,175.3
trajectory_0_36,2,620,635,441.4,686.5,16,245.10000000000002
trajectory_0_36,2,644,670,1006.3,3230.1,27,2223.8
trajectory_0_37,2,671,687,230.1,344.1,17,114.00000000000003
trajectory_0_37,0,688,697,355.2,434.8,10,79.60000000000002
trajectory_0_37,2,712,721,571.9,630.9,10,59.0
trajectory_0_4,0,735,750,22.9,171.2,16,148.29999999999998
trajectory_0_5,2,774,782,141.5,200.1,9,58.599999999999994
trajectory_0_5,2,785,815,230.4,1680.5,31,1450.1
trajectory_0_6,2,816,846,11.8,2803.6,31,2791.7999999999997
trajectory_0_65,0,847,859,809.0,923.5,13,114.5
trajectory_0_65,0,865,881,977.9,1149.6,17,171.69999999999993
trajectory_0_75,1,908,917,1109.6,1164.7,10,55.100000000000136
trajectory_0_78,2,932,943,1392.4,1559.2,12,166.79999999999995
trajectory_0_78,0,944,954,1562.5,1725.5,11,163.0
trajectory_0_8,2,974,988,206.5,323.5,15,117.0
trajectory_0_8,2,995,1014,405.9,590.4,20,184.5
trajectory_0_8,2,1020,1060,641.5,1098.8,41,457.29999999999995
trajectory_0_8,2,1063,1079,1135.4,1323.8,17,188.39999999999986
trajectory_0_8,0,1088,1099,1459.1,1540.5,12,81.40000000000009
trajectory_0_8,2,1100,1109,1546.1,1613.6,10,67.5
trajectory_0_8,2,1118,1167,1705.4,2085.6,50,380.1999999999998
trajectory_0_8,2,1172,1187,2181.2,2392.5,16,211.30000000000018
trajectory_0_8,2,1191,1222,2439.9,2955.0,32,515.0999999999999
trajectory_0_8,2,1226,1236,3019.1,3588.0,11,568.9000000000001
trajectory_0_80,1,1244,1258,1363.3,1452.5,15,89.20000000000005
trajectory_0_80,1,1263,1272,1480.4,1538.4,10,58.0
trajectory_0_80,2,1278,1294,1564.8,1666.2,17,101.40000000000009
trajectory_0_80,2,1300,1317,1697.7,1790.3,18,92.59999999999991
trajectory_0_80,2,1322,1342,1818.2,1921.2,21,103.0
trajectory_0_80,2,1352,1366,1972.8,2038.2,15,65.40000000000009
trajectory_0_80,1,1369,1377,2055.7,2123.3,9,67.60000000000036
trajectory_0_86,2,1407,1422,1487.9,1568.5,16,80.59999999999991
trajectory_0_86,2,1450,1467,1719.0,1812.6,18,93.59999999999991
trajectory_0_86,2,1489,1498,1963.0,2026.1,10,63.09999999999991
trajectory_0_86,2,1516,1532,2160.4,2273.2,17,112.79999999999973
trajectory_0_89,1,1562,1571,1764.7,1815.0,10,50.299999999999955
trajectory_0_89,1,1583,1594,1884.2,1961.4,12,77.20000000000005
trajectory_0_89,1,1609,1622,2062.7,2133.0,14,70.30000000000018
trajectory_0_9,0,1628,1657,28.0,269.2,30,241.2
trajectory_0_9,2,1658,1677,276.4,420.1,20,143.70000000000005
trajectory_0_9,2,1715,1743,774.5,1313.0,29,538.5
trajectory_0_9,0,1744,1753,1328.2,1404.4,10,76.20000000000005
trajectory_0_9,2,1773,1793,1572.3,2035.2,21,462.9000000000001
trajectory_0_9,2,1797,1822,2078.0,3176.7,26,1098.6999999999998
trajectory_0_92,1,1824,1845,1695.1,1955.1,22,260.0
trajectory_0_92,1,1848,1859,1996.1,2067.1,12,71.0
trajectory_1_104,1,1888,1896,275.4,339.4,9,64.0
trajectory_1_104,1,1900,1914,358.6,426.2,15,67.59999999999997
trajectory_1_1060,1,1935,1944,1200.6,1289.2,10,88.60000000000014
trajectory_1_1060,2,1975,1989,1491.4,1570.4,15,79.0
trajectory_1_1060,1,1993,2002,1594.2,1663.0,10,68.79999999999995
trajectory_1_1060,1,2010,2019,1721.6,1779.6,10,58.0
trajectory_1_1060,1,2039,2047,1915.3,1958.3,9,43.0
trajectory_1_1060,2,2048,2056,1963.7,2003.4,9,39.700000000000045
trajectory_1_1065,1,2067,2080,1129.5,1195.4,14,65.90000000000009
trajectory_1_11,2,2090,2117,51.0,256.1,28,205.10000000000002
trajectory_1_11,0,2118,2128,264.4,378.0,11,113.60000000000002
trajectory_1_1217,2,2159,2169,1171.5,1236.0,11,64.5
trajectory_1_1217,2,2174,2185,1258.8,1316.4,12,57.600000000000136
trajectory_1_1217,0,2188,2201,1334.4,1454.9,14,120.5
trajectory_1_1297,2,2277,2292,1362.6,1452.1,16,89.5
trajectory_1_1297,0,2295,2303,1463.9,1528.7,9,64.79999999999995
trajectory_1_135,0,2313,2351,216.4,496.4,39,280.0
trajectory_1_136,0,2352,2387,213.6,347.3,36,133.70000000000002
trajectory_1_1364,1,2392,2413,1275.8,1386.1,22,110.29999999999995
trajectory_1_1387,1,2452,2460,1395.8,1443.8,9,48.0
trajectory_1_1390,0,2468,2496,1308.7,1695.8,29,387.0999999999999
trajectory_1_1390,2,2497,2515,1703.3,2225.4,19,522.1000000000001
trajectory_1_1390,0,2516,2527,2239.8,2412.5,12,172.69999999999982
trajectory_1_14,0,2582,2591,346.4,382.5,10,36.10000000000002
trajectory_1_141,0,2599,2621,248.1,363.8,23,115.70000000000002
trajectory_1_141,1,2627,2638,394.8,452.3,12,57.5
trajectory_1_142,0,2641,2706,223.3,701.0,66,477.7
trajectory_1_142,0,2710,2784,745.5,1509.5,75,764.0
trajectory_1_142,0,2789,2812,1645.3,2109.8,24,464.5000000000002
trajectory_1_1463,0,2820,2858,1371.0,1623.0,39,252.0
trajectory_1_149,2,2871,2899,228.3,539.5,29,311.2
trajectory_1_15,2,2919,2939,196.0,511.9,21,315.9
trajectory_1_15,0,2957,2989,703.5,1075.6,33,372.0999999999999
trajectory_1_1529,2,3023,3032,1606.4,1697.9,10,91.5
trajectory_1_1529,1,3033,3041,1700.0,1773.6,9,73.59999999999991
trajectory_1_1594,0,3055,3063,1451.2,1519.1,9,67.89999999999986
trajectory_1_1594,0,3075,3083,1587.0,1630.0,9,43.0
trajectory_1_168,0,3097,3105,294.1,344.2,9,50.099999999999966
trajectory_1_168,1,3140,3156,560.6,711.4,17,150.79999999999995
trajectory_1_17,0,3157,3167,6.8,55.2,11,48.400000000000006
trajectory_1_17,2,3168,3176,59.4,92.3,9,32.9
trajectory_1_17,0,3179,3198,102.8,192.0,20,89.2
trajectory_1_17,0,3202,3215,205.4,262.2,14,56.79999999999998
trajectory_1_17,0,3225,3234,308.8,348.2,10,39.39999999999998
trajectory_1_1783,1,3243,3251,1575.4,1646.5,9,71.09999999999991
trajectory_1_1783,2,3255,3264,1671.7,1735.3,10,63.59999999999991
trajectory_1_1883,0,3293,3330,1613.5,1991.6,38,378.0999999999999
trajectory_1_1883,0,3334,3373,2036.3,2451.8,40,415.5000000000002
trajectory_1_19,1,3376,3391,36.5,116.7,16,80.2
trajectory_1_19,2,3392,3400,121.0,177.6,9,56.599999999999994
trajectory_1_1916,0,3404,3433,1646.9,1823.9,30,177.0
trajectory_1_1989,0,3448,3462,1818.7,1888.8,15,70.09999999999991
trajectory_1_1989,0,3469,3481,1936.7,2011.3,13,74.59999999999991
trajectory_1_1989,0,3519,3539,2241.8,2360.1,21,118.29999999999973
trajectory_1_1989,0,3541,3550,2374.6,2429.1,10,54.5
trajectory_1_2175,1,3568,3576,2060.5,2111.0,9,50.5
trajectory_1_2198,0,3582,3696,2013.8,2704.6,115,690.8
trajectory_1_2272,2,3697,3726,2149.1,2297.0,30,147.9000000000001
trajectory_1_2272,1,3727,3744,2301.9,2384.8,18,82.90000000000009
trajectory_1_2418,1,3766,3777,2539.6,2628.3,12,88.70000000000027
trajectory_1_2418,2,3778,3791,2641.9,2708.7,14,66.79999999999973
trajectory_1_2429,0,3792,3818,2359.5,2532.1,27,172.5999999999999
trajectory_1_2462,0,3855,3869,2639.5,2708.0,15,68.5
trajectory_1_33,0,3870,3879,39.3,95.3,10,56.0
trajectory_1_35,0,3898,3927,31.7,133.1,30,101.39999999999999
trajectory_1_423,1,3948,3958,527.1,583.0,11,55.89999999999998
trajectory_1_433,1,4006,4014,497.2,545.3,9,48.099999999999966
trajectory_1_433,1,4031,4042,649.5,719.0,12,69.5
trajectory_1_451,2,4050,4063,433.5,472.4,14,38.89999999999998
trajectory_1_451,2,4068,4077,495.7,535.8,10,40.099999999999966
trajectory_1_451,1,4105,4113,694.0,728.8,9,34.799999999999955
trajectory_1_451,0,4133,4143,836.0,906.2,11,70.20000000000005
trajectory_1_474,0,4157,4166,451.7,546.1,10,94.40000000000003
trajectory_1_542,0,4189,4358,464.2,1315.4,170,851.2
trajectory_1_543,0,4361,4374,471.0,530.7,14,59.700000000000045
trajectory_1_543,2,4375,4383,534.2,563.7,9,29.5
trajectory_1_700,1,4395,4403,705.1,744.3,9,39.19999999999993
trajectory_1_997,0,4500,4510,1049.3,1105.0,11,55.700000000000045
trajectory_1_997,0,4543,4556,1288.6,1355.6,14,67.0
trajectory_1_997,0,4575,4589,1449.2,1527.6,15,78.39999999999986
trajectory_1_997,0,4594,4611,1551.0,1658.4,18,107.40000000000009
trajectory_2_101,0,4622,4634,756.3,858.1,13,101.80000000000007
trajectory_2_101,0,4636,4672,871.9,1228.9,37,357.0000000000001
trajectory_2_102,1,4677,4692,720.8,799.9,16,79.10000000000002
trajectory_2_108,1,4714,4729,759.2,847.8,16,88.59999999999991
trajectory_2_110,0,4779,4807,756.6,911.2,29,154.60000000000002
trajectory_2_111,1,4810,4822,756.2,812.4,13,56.19999999999993
trajectory_2_111,1,4826,4835,842.6,892.7,10,50.10000000000002
trajectory_2_121,1,4881,4890,924.1,971.1,10,47.0
trajectory_2_121,1,4898,4910,1027.1,1073.3,13,46.200000000000045
trajectory_2_126,0,4911,4939,929.0,1123.0,29,194.0
trajectory_2_130,0,4963,4976,1113.7,1214.4,14,100.70000000000005
trajectory_2_132,1,4998,5007,1139.8,1205.5,10,65.70000000000005
trajectory_2_132,2,5008,5039,1207.4,1396.0,32,188.5999999999999
trajectory_2_132,1,5040,5051,1407.6,1457.3,12,49.700000000000045
trajectory_2_134,0,5074,5092,1067.1,1194.4,19,127.30000000000018
trajectory_2_134,1,5113,5127,1308.7,1383.3,15,74.59999999999991
trajectory_2_14,0,5128,5178,10.3,282.0,51,271.7
trajectory_2_144,0,5209,5222,1403.0,1486.3,14,83.29999999999995
trajectory_2_144,0,5229,5339,1526.0,2094.4,111,568.4000000000001
trajectory_2_149,0,5364,5379,1315.9,1404.6,16,88.69999999999982
trajectory_2_150,0,5391,5400,1314.7,1363.0,10,48.299999999999955
trajectory_2_176,0,5448,5456,1575.6,1774.0,9,198.4000000000001
trajectory_2_176,2,5457,5471,1784.7,1999.5,15,214.79999999999995
trajectory_2_176,0,5484,5492,2156.1,2282.6,9,126.5
trajectory_2_176,2,5493,5507,2305.1,2405.8,15,100.70000000000027
trajectory_2_176,2,5510,5545,2460.4,3218.4,36,758.0
trajectory_2_176,1,5546,5579,3222.9,3362.5,34,139.5999999999999
trajectory_2_176,1,5582,5592,3371.8,3406.7,11,34.899999999999636
trajectory_2_177,0,5605,5624,1474.1,1616.5,20,142.4000000000001
trajectory_2_177,1,5639,5647,1725.7,1782.3,9,56.59999999999991
trajectory_2_177,1,5654,5663,1837.9,1915.4,10,77.5
trajectory_2_178,1,5668,5676,1522.1,1567.9,9,45.80000000000018
trajectory_2_178,1,5716,5725,1815.1,1872.0,10,56.90000000000009
trajectory_2_200,1,5730,5742,1710.5,1806.6,13,96.09999999999991
trajectory_2_200,1,5744,5766,1813.3,1960.1,23,146.79999999999995
trajectory_2_200,1,5770,5786,2000.5,2117.0,17,116.5
trajectory_2_205,0,5806,5828,1831.5,1956.7,23,125.20000000000005
trajectory_2_205,0,5850,5867,2065.9,2163.1,18,97.19999999999982
trajectory_2_209,1,5870,5882,1917.1,1999.9,13,82.80000000000018
trajectory_2_209,1,5885,5898,2025.2,2110.1,14,84.89999999999986
trajectory_2_215,1,5911,5922,1975.7,2067.2,12,91.49999999999977
trajectory_2_224,0,5945,6132,2198.5,3021.9,188,823.4000000000001
trajectory_2_228,1,6152,6160,2333.8,2368.2,9,34.399999999999636
trajectory_2_228,1,6166,6180,2397.2,2490.2,15,93.0
trajectory_2_230,1,6182,6190,2204.2,2257.8,9,53.600000000000364
trajectory_2_230,1,6200,6213,2323.6,2389.9,14,66.30000000000018
trajectory_2_232,0,6246,6257,2558.0,2661.4,12,103.40000000000009
trajectory_2_235,2,6268,6279,2352.2,2400.9,12,48.70000000000027
trajectory_2_235,1,6284,6295,2426.0,2490.8,12,64.80000000000018
trajectory_2_24,1,6307,6335,144.5,273.8,29,129.3
trajectory_2_245,0,6349,6405,2464.5,2941.0,57,476.5
trajectory_2_245,0,6427,6466,3135.3,3456.1,40,320.7999999999997
trajectory_2_264,2,6483,6491,2540.8,2581.0,9,40.19999999999982
trajectory_2_264,1,6492,6534,2587.6,2856.9,43,269.3000000000002
trajectory_2_264,1,6536,6547,2868.2,2927.7,12,59.5
trajectory_2_272,1,6553,6565,2597.7,2662.4,13,64.70000000000027
trajectory_2_272,1,6571,6582,2714.4,2769.2,12,54.79999999999973
trajectory_2_274,1,6594,6602,2700.7,2744.8,9,44.100000000000364
trajectory_2_274,1,6614,6625,2811.8,2895.3,12,83.5
trajectory_2_274,1,6628,6640,2913.5,2981.2,13,67.69999999999982
trajectory_2_274,1,6653,6669,3065.9,3193.7,17,127.79999999999973
trajectory_2_274,0,6683,6704,3302.5,3489.3,22,186.80000000000018
trajectory_2_276,1,6717,6749,2728.8,2960.6,33,231.79999999999973
trajectory_2_29,0,6785,6794,252.3,291.2,10,38.89999999999998
trajectory_2_29,0,6797,6817,305.0,416.2,21,111.19999999999999
trajectory_2_29,0,6820,6832,427.9,498.6,13,70.70000000000005
trajectory_2_29,1,6833,6843,502.5,555.4,11,52.89999999999998
trajectory_2_29,0,6844,6901,563.5,908.5,58,345.0
trajectory_2_295,0,6902,6981,2810.9,3242.2,80,431.2999999999997
trajectory_2_296,1,7009,7019,3037.9,3074.1,11,36.19999999999982
trajectory_2_296,1,7032,7056,3145.9,3251.3,25,105.40000000000009
trajectory_2_296,1,7062,7072,3283.4,3330.6,11,47.19999999999982
trajectory_2_296,1,7079,7098,3352.7,3428.0,20,75.30000000000018
trajectory_2_296,1,7104,7118,3457.3,3512.7,15,55.399999999999636
trajectory_2_299,1,7152,7160,3051.9,3111.9,9,60.0
trajectory_2_30,0,7172,7238,88.0,443.6,67,355.6
trajectory_2_30,0,7251,7282,508.2,686.9,32,178.7
trajectory_2_303,1,7294,7310,3145.5,3257.6,17,112.09999999999991
trajectory_2_303,1,7339,7356,3484.0,3588.3,18,104.30000000000018
trajectory_2_31,0,7360,7368,91.2,131.1,9,39.89999999999999
trajectory_2_31,0,7370,7388,152.8,275.8,19,123.0
trajectory_2_31,1,7405,7414,370.3,415.5,10,45.19999999999999
trajectory_2_32,0,7435,7446,160.8,230.4,12,69.6
trajectory_2_32,0,7457,7469,290.5,357.5,13,67.0
trajectory_2_32,2,7470,7478,360.0,400.0,9,40.0
trajectory_2_34,2,7495,7507,127.3,206.2,13,78.89999999999999
trajectory_2_34,0,7508,7518,209.6,276.4,11,66.79999999999998
trajectory_2_45,2,7578,7590,294.9,343.9,13,49.0
trajectory_2_46,2,7602,7621,288.7,379.8,20,91.10000000000002
trajectory_2_51,0,7631,7640,310.7,351.3,10,40.60000000000002
trajectory_2_51,0,7644,7668,368.7,499.5,25,130.8
trajectory_2_52,2,7699,7730,614.3,1190.9,32,576.6000000000001
trajectory_2_69,1,7773,7782,535.3,604.1,10,68.80000000000007
trajectory_2_75,2,7798,7807,543.1,593.7,10,50.60000000000002
trajectory_2_75,1,7818,7826,650.8,710.7,9,59.90000000000009
trajectory_2_8,0,7847,7883,28.0,130.6,37,102.6
trajectory_2_8,0,7891,7901,156.5,185.8,11,29.30000000000001
trajectory_2_8,0,7907,7917,210.2,240.0,11,29.80000000000001
trajectory_2_8,0,7924,8018,259.6,554.7,95,295.1
trajectory_2_8,0,8032,8064,602.3,712.4,33,110.10000000000002
trajectory_2_89,1,8068,8098,655.9,827.4,31,171.5
trajectory_2_91,1,8145,8169,954.1,1093.8,25,139.69999999999993
trajectory_2_94,0,8200,8208,849.1,905.7,9,56.60000000000002
trajectory_3_1,0,8226,8235,61.3,118.3,10,57.0
trajectory_3_1,0,8240,8249,145.9,211.1,10,65.19999999999999
trajectory_3_1,2,8250,8259,214.4,249.2,10,34.79999999999998
trajectory_3_100,1,8265,8274,646.3,696.8,10,50.5
trajectory_3_100,1,8279,8291,740.7,809.1,13,68.39999999999998
trajectory_3_101,0,8342,8412,782.4,1267.6,71,485.19999999999993
trajectory_3_109,0,8415,8620,783.5,1949.2,206,1165.7
trajectory_3_109,0,8623,8677,1962.7,2267.7,55,304.9999999999998
trajectory_3_109,0,8695,8779,2376.4,2868.0,85,491.5999999999999
trajectory_3_109,0,8781,8796,2882.0,2960.0,16,78.0
trajectory_3_112,2,8817,8825,897.8,927.3,9,29.5
trajectory_3_112,0,8826,8845,938.0,1037.2,20,99.20000000000005
trajectory_3_112,2,8847,8858,1044.8,1093.6,12,48.799999999999955
trajectory_3_113,1,8889,8907,878.9,974.8,19,95.89999999999998
trajectory_3_115,0,8943,8953,1018.2,1076.2,11,58.0
trajectory_3_115,0,8958,8991,1115.9,1325.9,34,210.0
trajectory_3_122,2,9027,9045,1171.9,1247.3,19,75.39999999999986
trajectory_3_122,1,9055,9066,1292.2,1374.0,12,81.79999999999995
trajectory_3_13,0,9067,9077,27.8,114.7,11,86.9
trajectory_3_130,2,9097,9106,1157.0,1191.6,10,34.59999999999991
trajectory_3_130,0,9115,9131,1228.9,1339.5,17,110.59999999999991
trajectory_3_131,0,9194,9206,1556.3,1626.2,13,69.90000000000009
trajectory_3_133,0,9240,9268,1186.9,1345.9,29,159.0
trajectory_3_133,2,9287,9309,1452.7,1562.5,23,109.79999999999995
trajectory_3_137,2,9323,9348,1239.9,1354.7,26,114.79999999999995
trajectory_3_137,2,9355,9366,1384.7,1436.2,12,51.5
trajectory_3_145,0,9419,9431,1630.3,1769.4,13,139.10000000000014
trajectory_3_145,0,9443,9451,1839.8,1894.0,9,54.200000000000045
trajectory_3_156,1,9478,9488,1607.4,1650.7,11,43.299999999999955
trajectory_3_16,2,9539,9547,80.4,125.9,9,45.5
trajectory_3_16,0,9548,9559,133.6,209.0,12,75.4
trajectory_3_163,1,9591,9602,1774.5,1826.2,12,51.700000000000045
trajectory_3_167,0,9634,9646,1773.8,1848.9,13,75.10000000000014
trajectory_3_167,0,9660,9672,1920.8,1999.9,13,79.10000000000014
trajectory_3_182,1,9681,9695,2079.3,2150.6,15,71.29999999999973
trajectory_3_182,0,9708,9723,2252.0,2371.1,16,119.09999999999991
trajectory_3_182,1,9727,9737,2407.3,2512.9,11,105.59999999999991
trajectory_3_184,0,9745,9753,2104.4,2159.9,9,55.5
trajectory_3_187,1,9790,9802,2167.9,2206.8,13,38.90000000000009
trajectory_3_189,0,9814,9840,2257.4,2428.2,27,170.79999999999973
trajectory_3_19,0,9848,9858,106.2,191.2,11,84.99999999999999
trajectory_3_19,1,9866,9874,240.7,287.7,9,47.0
trajectory_3_197,0,9875,9885,2363.7,2437.7,11,74.0
trajectory_3_197,0,9890,9899,2485.5,2553.0,10,67.5
trajectory_3_197,0,9902,9918,2564.6,2666.3,17,101.70000000000027
trajectory_3_197,0,9927,9942,2751.6,2888.7,16,137.0999999999999
trajectory_3_203,0,10032,10043,2525.6,2605.9,12,80.30000000000018
trajectory_3_203,0,10072,10087,2811.3,2955.2,16,143.89999999999964
trajectory_3_221,1,10088,10096,2571.7,2620.1,9,48.40000000000009
trajectory_3_221,0,10106,10118,2671.6,2763.1,13,91.5
trajectory_3_221,0,10124,10136,2791.1,2902.0,13,110.90000000000009
trajectory_3_224,0,10142,10186,2624.8,2966.4,45,341.5999999999999
trajectory_3_228,0,10187,10238,2677.7,2955.3,52,277.60000000000036
trajectory_3_229,0,10239,10267,2674.2,2966.7,29,292.5
trajectory_3_3,0,10293,10303,147.2,201.9,11,54.70000000000002
trajectory_3_3,0,10332,10351,339.5,437.4,20,97.89999999999998
trajectory_3_3,0,10363,10407,494.1,738.3,45,244.19999999999993
trajectory_3_3,0,10425,10433,856.3,899.0,9,42.700000000000045
trajectory_3_3,2,10452,10461,1004.0,1051.2,10,47.200000000000045
trajectory_3_5,0,10533,10556,9.7,146.0,24,136.3
trajectory_3_5,0,10558,10571,158.2,225.6,14,67.4
trajectory_3_56,0,10616,10628,372.1,457.0,13,84.89999999999998
trajectory_3_56,0,10639,10655,539.7,631.3,17,91.59999999999991
trajectory_3_58,0,10669,10678,397.0,469.7,10,72.69999999999999
trajectory_3_58,0,10684,10692,512.1,581.3,9,69.19999999999993
trajectory_3_58,1,10704,10716,706.2,802.6,13,96.39999999999998
trajectory_3_70,0,10753,10767,428.7,505.3,15,76.60000000000002
trajectory_3_70,2,10779,10790,584.7,634.1,12,49.39999999999998
trajectory_3_8,0,10791,10821,11.1,168.3,31,157.20000000000002
trajectory_3_87,2,10838,10852,579.4,633.4,15,54.0
trajectory_3_87,2,10858,10868,659.8,713.5,11,53.700000000000045
trajectory_3_88,0,10869,10911,514.7,754.8,43,240.0999999999999
trajectory_3_96,0,10920,10976,651.8,998.3,57,346.5
trajectory_4_1,2,11012,11062,47.8,262.9,51,215.09999999999997
trajectory_4_114,2,11094,11106,1980.8,2051.8,13,71.00000000000023
trajectory_4_2,2,11125,11150,58.5,211.7,26,153.2
trajectory_4_232,2,11171,11180,2345.9,2412.8,10,66.90000000000009
trajectory_4_232,2,11187,11225,2459.2,2810.3,39,351.10000000000036
trajectory_4_3,2,11226,11447,19.8,1617.8,222,1598.0
trajectory_4_3,2,11451,11526,1659.6,2696.7,76,1037.1
trajectory_4_4,2,11532,11551,25.1,189.5,20,164.4
trajectory_4_4,2,11555,11588,214.2,501.3,34,287.1
trajectory_4_443,2,11624,11642,3401.7,3528.0,19,126.30000000000018
trajectory_4_48,2,11649,11669,261.8,404.6,21,142.8
trajectory_4_48,2,11688,11703,544.9,643.3,16,98.39999999999998
trajectory_4_50,2,11717,11725,469.8,545.4,9,75.59999999999997
trajectory_4_50,1,11726,11739,555.8,709.5,14,153.70000000000005
trajectory_4_52,2,11756,11765,797.7,870.2,10,72.5
trajectory_4_52,2,11770,11784,922.4,1064.2,15,141.80000000000007
trajectory_4_52,2,11791,11800,1136.5,1233.6,10,97.09999999999991
trajectory_4_6,2,11801,11824,17.9,194.4,24,176.5
trajectory_4_6,1,11836,11851,303.3,431.1,16,127.80000000000001
trajectory_4_6,2,11852,11880,439.8,671.9,29,232.09999999999997
trajectory_4_7,2,11887,11914,103.7,315.6,28,211.90000000000003
trajectory_4_9,2,11915,11968,12.1,316.8,54,304.7
trajectory_4_9,2,11972,11988,338.3,442.5,17,104.19999999999999
trajectory_4_9,2,12007,12022,597.0,690.2,16,93.20000000000005
trajectory_5_10,2,12047,12075,117.0,315.8,29,198.8
trajectory_5_17,2,12090,12099,126.8,190.3,10,63.500000000000014
trajectory_5_17,2,12106,12118,239.2,318.3,13,79.10000000000002
trajectory_5_17,2,12124,12171,348.5,648.3,48,299.79999999999995
trajectory_5_19,0,12190,12198,306.5,372.9,9,66.39999999999998
trajectory_5_19,0,12240,12254,694.3,773.5,15,79.20000000000005
trajectory_5_19,2,12255,12263,778.1,832.8,9,54.69999999999993
trajectory_5_19,0,12290,12298,1056.7,1126.4,9,69.70000000000005
trajectory_5_19,2,12351,12361,1618.5,1699.9,11,81.40000000000009
trajectory_5_19,1,12362,12372,1704.5,1793.3,11,88.79999999999995
trajectory_5_21,2,12405,12453,271.6,655.3,49,383.69999999999993
trajectory_5_21,2,12461,12470,713.6,798.9,10,85.29999999999995
trajectory_5_22,2,12488,12503,316.7,441.2,16,124.5
trajectory_5_27,2,12528,12567,278.0,568.5,40,290.5
trajectory_5_27,2,12572,12582,605.6,684.3,11,78.69999999999993
trajectory_5_28,2,12610,12624,499.4,587.6,15,88.20000000000005
trajectory_5_29,2,12629,12641,437.4,537.0,13,99.60000000000002
trajectory_5_29,2,12648,12657,601.1,694.0,10,92.89999999999998
trajectory_5_3,2,12697,12717,341.5,531.5,21,190.0
trajectory_5_31,2,12742,12750,775.5,840.5,9,65.0
trajectory_5_32,2,12764,12796,695.1,962.8,33,267.69999999999993
trajectory_5_36,2,12803,12821,831.4,943.4,19,112.0
trajectory_5_36,2,12830,12850,1048.3,1409.5,21,361.20000000000005
trajectory_5_38,2,12889,12903,1843.2,1956.8,15,113.59999999999991
trajectory_5_4,2,12918,12950,34.6,200.6,33,166.0
trajectory_5_4,2,12962,12985,258.0,369.8,24,111.80000000000001
trajectory_5_4,2,12989,12998,391.1,448.6,10,57.5
trajectory_5_6,2,13002,13011,41.5,102.2,10,60.7
trajectory_5_6,0,13030,13042,238.6,308.4,13,69.79999999999998
trajectory_5_7,0,13053,13082,9.9,200.0,30,190.1
trajectory_5_7,0,13090,13099,246.6,301.8,10,55.20000000000002
trajectory_5_7,0,13101,13121,310.7,448.7,21,138.0
trajectory_5_7,2,13122,13162,455.0,707.2,41,252.20000000000005
trajectory_5_7,0,13166,13176,738.5,811.6,11,73.10000000000002
trajectory_5_7,1,13215,13226,1043.5,1124.4,12,80.90000000000009
trajectory_5_7,0,13227,13235,1128.8,1202.0,9,73.20000000000005
trajectory_5_7,2,13236,13253,1205.1,1294.6,18,89.5
trajectory_5_8,2,13279,13290,224.7,332.3,12,107.60000000000002
trajectory_5_8,2,13308,13334,513.5,747.7,27,234.20000000000005
trajectory_5_8,2,13351,13362,939.2,1035.0,12,95.79999999999995
trajectory_5_8,2,13367,13377,1084.7,1226.1,11,141.39999999999986
trajectory_5_8,0,13378,13386,1231.7,1292.8,9,61.09999999999991
trajectory_5_8,2,13387,13414,1313.5,1521.3,28,207.79999999999995
trajectory_6_0,2,13415,13432,14.2,144.4,18,130.20000000000002
trajectory_6_0,2,13435,13456,164.9,287.1,22,122.20000000000002
trajectory_6_0,0,13466,13477,354.5,430.1,12,75.60000000000002
trajectory_6_12,0,13502,13523,70.5,242.5,22,172.0
trajectory_6_12,1,13524,13536,251.7,350.3,13,98.60000000000002
trajectory_6_12,2,13537,13545,361.8,420.3,9,58.5
trajectory_6_135,2,13549,13559,1483.3,1538.2,11,54.90000000000009
trajectory_6_135,2,13572,13581,1612.9,1670.6,10,57.69999999999982
trajectory_6_135,2,13604,13627,1799.6,1931.5,24,131.9000000000001
trajectory_6_135,2,13631,13644,1950.3,2006.1,14,55.799999999999955
trajectory_6_138,0,13659,13674,1966.4,2138.1,16,171.69999999999982
trajectory_6_138,1,13685,13696,2238.4,2394.0,12,155.5999999999999
trajectory_6_138,2,13710,13752,2540.2,3107.6,43,567.4000000000001
trajectory_6_138,0,13760,13771,3197.5,3323.1,12,125.59999999999991
trajectory_6_138,2,13772,13790,3328.0,3506.1,19,178.0999999999999
trajectory_6_144,2,13795,13806,2144.0,2237.7,12,93.69999999999982
trajectory_6_144,2,13810,13825,2270.3,2376.9,16,106.59999999999991
trajectory_6_144,2,13832,13892,2440.9,2850.9,61,410.0
trajectory_6_144,2,13901,13910,2933.5,3015.1,10,81.59999999999991
trajectory_6_151,2,13915,13940,2487.2,2630.0,26,142.80000000000018
trajectory_6_152,2,13941,13963,2491.8,2680.9,23,189.0999999999999
trajectory_6_155,2,13969,13983,2815.0,2964.0,15,149.0
trajectory_6_155,2,13991,14013,3038.8,3231.1,23,192.29999999999973
trajectory_6_155,2,14031,14047,3345.0,3466.1,17,121.09999999999991
trajectory_6_155,2,14051,14063,3486.2,3595.5,13,109.30000000000018
trajectory_6_16,2,14068,14090,74.3,196.0,23,121.7
trajectory_6_162,2,14111,14125,3313.6,3436.9,15,123.30000000000018
trajectory_6_162,1,14126,14135,3446.8,3553.4,10,106.59999999999991
trajectory_6_2,2,14136,14145,14.1,87.4,10,73.30000000000001
trajectory_6_2,2,14149,14162,128.4,193.0,14,64.6
trajectory_6_2,2,14171,14179,276.8,308.2,9,31.399999999999977
trajectory_6_2,2,14188,14196,387.6,448.6,9,61.0
trajectory_6_31,2,14208,14222,233.4,316.4,15,82.99999999999997
trajectory_6_32,0,14234,14242,148.7,191.8,9,43.10000000000002
trajectory_6_32,2,14260,14275,269.0,326.9,16,57.89999999999998
trajectory_6_5,1,14276,14284,39.3,97.4,9,58.10000000000001
trajectory_6_5,2,14292,14305,177.0,259.2,14,82.19999999999999
trajectory_6_69,2,14341,14352,1037.7,1104.2,12,66.5
trajectory_6_69,2,14368,14378,1183.9,1253.0,11,69.09999999999991
trajectory_6_71,1,14388,14400,869.2,947.1,13,77.89999999999998
trajectory_6_71,2,14410,14421,997.6,1059.7,12,62.10000000000002
trajectory_6_71,2,14440,14458,1190.9,1317.8,19,126.89999999999986
trajectory_6_91,0,14467,14477,1141.1,1239.2,11,98.10000000000014
trajectory_6_91,2,14485,14500,1321.8,1414.6,16,92.79999999999995
trajectory_7_1,2,14547,14558,95.7,172.2,12,76.49999999999999
trajectory_7_1,2,14564,14577,218.9,285.2,14,66.29999999999998
trajectory_7_10,2,14591,14606,136.2,294.6,16,158.40000000000003
trajectory_7_137,0,14646,14656,1554.7,1659.9,11,105.20000000000005
trajectory_7_137,0,14662,14706,1705.8,2238.0,45,532.2
trajectory_7_137,0,14710,14727,2288.7,2450.1,18,161.4000000000001
trajectory_7_16,2,14748,14758,169.1,226.7,11,57.599999999999994
trajectory_7_16,2,14763,14772,252.7,296.3,10,43.60000000000002
trajectory_7_21,2,14789,14802,434.9,513.6,14,78.70000000000005
trajectory_7_21,1,14803,14817,519.3,643.8,15,124.5
trajectory_7_22,2,14818,14842,373.2,635.2,25,262.00000000000006
trajectory_7_22,2,14846,14863,684.1,877.9,18,193.79999999999995
trajectory_7_22,1,14864,14872,890.5,1020.8,9,130.29999999999995
trajectory_7_22,2,14873,14895,1052.5,1410.9,23,358.4000000000001
trajectory_7_25,2,14903,14911,365.7,419.8,9,54.10000000000002
trajectory_7_25,2,14926,14937,507.1,564.6,12,57.5
trajectory_7_25,0,14940,14948,584.8,628.2,9,43.40000000000009
trajectory_7_25,0,14950,14959,644.3,694.3,10,50.0
trajectory_7_25,0,14963,14972,711.9,759.5,10,47.60000000000002
trajectory_7_3,2,14973,15029,14.4,424.4,57,410.0
trajectory_7_3,0,15030,15038,431.2,479.2,9,48.0
trajectory_7_3,2,15039,15054,487.7,624.5,16,136.8
trajectory_7_3,0,15055,15063,630.6,726.5,9,95.89999999999998
trajectory_7_3,2,15064,15124,754.0,1600.2,61,846.2
trajectory_7_3,0,15125,15156,1611.6,1867.4,32,255.80000000000018
trajectory_7_3,2,15157,15166,1881.1,1937.1,10,56.0
trajectory_7_3,0,15170,15197,1972.4,2138.5,28,166.0999999999999
trajectory_7_3,2,15223,15232,2347.1,2433.6,10,86.5
trajectory_7_3,0,15240,15271,2488.0,2666.8,32,178.80000000000018
trajectory_7_3,0,15275,15290,2693.5,2805.6,16,112.09999999999991
trajectory_7_3,0,15293,15311,2825.9,2946.2,19,120.29999999999973
trajectory_7_3,0,15319,15370,2999.6,3364.7,52,365.0999999999999
trajectory_7_7,2,15396,15433,21.5,295.3,38,273.8
trajectory_7_7,2,15435,15464,308.3,522.7,30,214.40000000000003
trajectory_7_7,2,15470,15495,587.3,776.1,26,188.80000000000007
trajectory_7_7,2,15505,15533,898.2,1135.7,29,237.5
trajectory_7_7,0,15534,15545,1145.7,1226.2,12,80.5
trajectory_7_7,0,15553,15576,1272.2,1455.0,24,182.79999999999995
trajectory_7_8,2,15590,15613,14.5,221.7,24,207.2
trajectory_8_0,0,15637,15647,18.3,50.6,11,32.3
trajectory_8_0,2,15648,15662,53.8,108.5,15,54.7
trajectory_8_0,0,15675,15686,154.4,227.7,12,73.29999999999998
trajectory_8_1,2,15690,15707,31.0,104.7,18,73.7
trajectory_8_12,0,15723,15731,259.2,302.8,9,43.60000000000002
trajectory_8_12,2,15732,15752,310.4,420.8,21,110.40000000000003
trajectory_8_14,2,15755,15791,395.0,747.8,37,352.79999999999995
trajectory_8_14,2,15798,15816,825.2,965.2,19,140.0
trajectory_8_14,0,15817,15827,971.4,1036.9,11,65.50000000000011
trajectory_8_15,2,15830,15838,498.5,551.8,9,53.299999999999955
trajectory_8_15,2,15848,15858,644.8,735.1,11,90.30000000000007
trajectory_8_15,0,15859,15870,741.9,832.0,12,90.10000000000002
trajectory_8_2,2,15880,15904,99.8,264.2,25,164.39999999999998
trajectory_8_2,0,15905,15918,272.5,383.6,14,111.10000000000002
trajectory_8_26,2,15927,15940,1279.9,1505.7,14,225.79999999999995
trajectory_8_3,2,15954,15974,14.4,153.9,21,139.5
trajectory_8_3,2,15983,16008,226.5,457.7,26,231.2
trajectory_8_3,2,16013,16024,501.2,573.1,12,71.90000000000003
trajectory_8_31,0,16027,16049,1287.6,1475.4,23,187.80000000000018
trajectory_8_31,0,16059,16075,1536.6,1706.4,17,169.80000000000018
trajectory_8_31,0,16087,16135,1787.1,2161.7,49,374.5999999999999
trajectory_8_4,2,16188,16197,12.1,81.4,10,69.30000000000001
trajectory_8_4,2,16206,16218,159.2,238.8,13,79.60000000000002
trajectory_8_4,0,16224,16239,272.0,359.2,16,87.19999999999999
trajectory_8_5,2,16244,16336,16.8,570.2,93,553.4000000000001
trajectory_8_5,2,16344,16413,703.5,1228.6,70,525.0999999999999
trajectory_8_50,2,16417,16425,1465.9,1560.8,9,94.89999999999986
trajectory_8_50,2,16441,16450,1731.8,1841.9,10,110.10000000000014
trajectory_8_50,0,16451,16462,1848.9,1949.5,12,100.59999999999991
trajectory_8_50,0,16467,16485,2012.6,2193.3,19,180.70000000000027
trajectory_8_57,2,16498,16519,1870.4,2137.7,22,267.2999999999997
trajectory_8_57,2,16526,16548,2210.1,2410.9,23,200.80000000000018
trajectory_8_59,0,16555,16573,1867.0,2026.8,19,159.79999999999995
trajectory_8_6,2,16591,16605,71.5,179.6,15,108.1
trajectory_8_6,0,16616,16624,249.2,301.8,9,52.60000000000002
trajectory_8_6,2,16637,16650,399.9,480.8,14,80.90000000000003
trajectory_8_7,0,16679,16691,106.1,162.5,13,56.400000000000006
trajectory_8_7,2,16692,16707,170.1,268.8,16,98.70000000000002
trajectory_8_7,0,16708,16719,279.3,348.0,12,68.69999999999999
trajectory_8_82,0,16764,16776,2660.3,2796.6,13,136.29999999999973
trajectory_8_82,2,16777,16794,2802.7,2985.3,18,182.60000000000036
trajectory_8_82,2,16798,16843,3012.7,3596.5,46,583.8000000000002
trajectory_8_84,0,16867,16882,2971.1,3129.7,16,158.5999999999999
trajectory_8_95,0,16905,16913,2907.9,2983.8,9,75.90000000000009
trajectory_8_95,0,16916,16955,3007.9,3312.3,40,304.4000000000001
trajectory_8_97,2,16993,17008,3277.0,3498.3,16,221.30000000000018
trajectory_8_97,0,17009,17017,3505.5,3590.9,9,85.40000000000009
trajectory_9_1,2,17023,17040,64.3,169.2,18,104.89999999999999
trajectory_9_1,2,17044,17070,190.5,389.5,27,199.0
trajectory_9_11,2,17097,17127,10.4,216.9,31,206.5
trajectory_9_11,2,17132,17147,253.1,353.6,16,100.50000000000003
trajectory_9_18,2,17170,17182,175.4,266.6,13,91.20000000000002
trajectory_9_18,0,17183,17212,271.5,510.3,30,238.8
trajectory_9_18,0,17217,17238,548.9,728.6,22,179.70000000000005
trajectory_9_185,0,17251,17263,2705.9,2814.2,13,108.29999999999973
trajectory_9_185,2,17265,17280,2835.2,2954.3,16,119.10000000000036
trajectory_9_185,2,17292,17301,3045.2,3111.5,10,66.30000000000018
trajectory_9_2,0,17308,17317,12.5,52.6,10,40.1
trajectory_9_2,2,17318,17340,61.7,239.7,23,178.0
trajectory_9_23,2,17341,17371,260.2,452.9,31,192.7
trajectory_9_23,2,17387,17411,542.4,711.0,25,168.60000000000002
trajectory_9_23,2,17417,17426,743.7,795.4,10,51.69999999999993
trajectory_9_238,0,17428,17436,3183.9,3250.8,9,66.90000000000009
trajectory_9_238,0,17440,17468,3281.6,3487.3,29,205.70000000000027
trajectory_9_24,2,17483,17497,267.3,371.5,15,104.19999999999999
trajectory_9_24,2,17507,17520,425.8,507.8,14,82.0
trajectory_9_40,2,17568,17603,914.6,1305.6,36,390.9999999999999
trajectory_9_40,0,17604,17619,1315.4,1497.9,16,182.5
trajectory_9_40,2,17620,17630,1510.8,1621.8,11,111.0
trajectory_9_40,0,17631,17643,1634.8,1859.1,13,224.29999999999995
trajectory_9_40,0,17648,17657,1893.7,2083.3,10,189.60000000000014
trajectory_9_44,2,17671,17691,1025.0,1189.7,21,164.70000000000005
trajectory_9_44,0,17694,17704,1209.6,1295.2,11,85.60000000000014
trajectory_9_44,2,17705,17730,1307.0,1522.5,26,215.5
trajectory_9_44,2,17734,17746,1552.2,1635.2,13,83.0
trajectory_9_44,0,17747,17757,1644.2,1738.2,11,94.0
trajectory_9_44,0,17761,17772,1765.4,1839.6,12,74.19999999999982
trajectory_9_44,0,17811,17820,2222.9,2297.7,10,74.79999999999973
trajectory_9_44,2,17828,17838,2384.2,2455.6,11,71.40000000000009
trajectory_9_44,0,17851,17859,2567.6,2640.9,9,73.30000000000018
trajectory_9_45,2,17876,17906,926.4,1114.6,31,188.19999999999993
trajectory_9_5,2,17921,17938,9.0,72.5,18,63.5
trajectory_9_50,2,17986,18000,1304.1,1419.9,15,115.80000000000018
trajectory_9_54,1,18016,18031,1459.3,1584.0,16,124.70000000000005
trajectory_9_6,2,18032,18051,33.4,157.1,20,123.69999999999999
trajectory_9_6,0,18052,18062,168.1,301.4,11,133.29999999999998
trajectory_9_68,2,18067,18076,1805.6,1873.0,10,67.40000000000009
trajectory_9_68,0,18077,18102,1882.8,2043.1,26,160.29999999999995
trajectory_9_7,0,18107,18116,15.2,66.4,10,51.2
trajectory_9_7,0,18120,18148,81.2,210.9,29,129.7
trajectory_9_7,0,18165,18180,298.1,364.9,16,66.79999999999995
trajectory_9_7,0,18187,18266,389.3,840.5,80,451.2
trajectory_9_7,0,18274,18298,899.9,1046.3,25,146.39999999999998
trajectory_9_7,0,18301,18315,1060.9,1146.2,15,85.29999999999995
trajectory_9_7,0,18318,18343,1159.4,1305.2,26,145.79999999999995
trajectory_9_7,0,18347,18359,1324.8,1435.5,13,110.70000000000005
trajectory_9_7,0,18365,18409,1471.5,1776.8,45,305.29999999999995
trajectory_9_74,2,18445,18469,2201.4,2345.9,25,144.5
trajectory_9_74,2,18491,18502,2492.1,2576.0,12,83.90000000000009
trajectory_9_74,2,18513,18527,2676.6,2770.9,15,94.30000000000018
trajectory_9_8,2,18561,18586,30.6,144.6,26,114.0
trajectory_9_88,0,18620,18660,2256.6,2461.2,41,204.5999999999999
trajectory_9_9,2,18661,18686,8.5,135.5,26,127.0
trajectory_9_9,0,18708,18719,256.0,311.6,12,55.60000000000002
